<?xml version="1.0" encoding="UTF-8"?>
<!DOCTYPE score-partwise PUBLIC "-//Recordare//DTD MusicXML 2.0 Partwise//EN" "http://www.musicxml.org/dtds/partwise.dtd">
<score-partwise>
  <identification>
    <encoding>
      <software>MuseScore 1.1</software>
      <encoding-date>2018-03-26</encoding-date>
      </encoding>
    </identification>
  <defaults>
    <scaling>
      <millimeters>6</millimeters>
      <tenths>40</tenths>
      </scaling>
    <page-layout>
      <page-height>1980</page-height>
      <page-width>1400</page-width>
      <page-margins type="even">
        <left-margin>66.6667</left-margin>
        <right-margin>66.6667</right-margin>
        <top-margin>66.6667</top-margin>
        <bottom-margin>133.334</bottom-margin>
        </page-margins>
      <page-margins type="odd">
        <left-margin>66.6667</left-margin>
        <right-margin>66.6667</right-margin>
        <top-margin>66.6667</top-margin>
        <bottom-margin>133.334</bottom-margin>
        </page-margins>
      </page-layout>
    </defaults>
  <credit page="1">
    <credit-words default-x="700" default-y="1913.33" font-size="24" justify="center" valign="top">Head over Heels</credit-words>
    </credit>
  <part-list>
    <score-part id="P1">
      <part-name></part-name>
      <score-instrument id="P1-I3">
        <instrument-name></instrument-name>
        </score-instrument>
      <midi-instrument id="P1-I3">
        <midi-channel>1</midi-channel>
        <midi-program>27</midi-program>
        </midi-instrument>
      </score-part>
    <score-part id="P2">
      <part-name></part-name>
      <score-instrument id="P2-I3">
        <instrument-name></instrument-name>
        </score-instrument>
      <midi-instrument id="P2-I3">
        <midi-channel>2</midi-channel>
        <midi-program>25</midi-program>
        </midi-instrument>
      </score-part>
    <score-part id="P3">
      <part-name></part-name>
      <score-instrument id="P3-I3">
        <instrument-name></instrument-name>
        </score-instrument>
      <midi-instrument id="P3-I3">
        <midi-channel>3</midi-channel>
        <midi-program>81</midi-program>
        </midi-instrument>
      </score-part>
    <score-part id="P4">
      <part-name></part-name>
      <score-instrument id="P4-I3">
        <instrument-name></instrument-name>
        </score-instrument>
      <midi-instrument id="P4-I3">
        <midi-channel>4</midi-channel>
        <midi-program>12</midi-program>
        </midi-instrument>
      </score-part>
    </part-list>
  <part id="P1">
    <measure number="1" width="693.33">
      <print>
        <system-layout>
          <system-margins>
            <left-margin>2.50</left-margin>
            <right-margin>0.00</right-margin>
            </system-margins>
          <top-system-distance>273.33</top-system-distance>
          </system-layout>
        </print>
      <barline location="left">
        <bar-style>heavy-light</bar-style>
        <repeat direction="forward"/>
        </barline>
      <attributes>
        <divisions>48</divisions>
        <key>
          <fifths>4</fifths>
          <mode>major</mode>
          </key>
        <time>
          <beats>4</beats>
          <beat-type>4</beat-type>
          </time>
        <clef>
          <sign>C</sign>
          <line>3</line>
          </clef>
        </attributes>
      <direction placement="above">
        <direction-type>
          <words>90 bpm</words>
          </direction-type>
        <sound tempo="90"/>
        </direction>
      <note default-x="134.49" default-y="-45.00">
        <pitch>
          <step>E</step>
          <octave>3</octave>
          </pitch>
        <duration>12</duration>
        <voice>1</voice>
        <type>16th</type>
        <stem>up</stem>
        </note>
      <note>
        <rest/>
        <duration>12</duration>
        <voice>1</voice>
        <type>16th</type>
        </note>
      <note default-x="204.15" default-y="-35.00">
        <pitch>
          <step>G</step>
          <alter>1</alter>
          <octave>3</octave>
          </pitch>
        <duration>12</duration>
        <voice>1</voice>
        <type>16th</type>
        <stem>up</stem>
        </note>
      <note>
        <rest/>
        <duration>12</duration>
        <voice>1</voice>
        <type>16th</type>
        </note>
      <note default-x="273.80" default-y="-25.00">
        <pitch>
          <step>B</step>
          <octave>3</octave>
          </pitch>
        <duration>12</duration>
        <voice>1</voice>
        <type>16th</type>
        <stem>up</stem>
        </note>
      <note>
        <rest/>
        <duration>12</duration>
        <voice>1</voice>
        <type>16th</type>
        </note>
      <note default-x="343.46" default-y="-20.00">
        <pitch>
          <step>C</step>
          <alter>1</alter>
          <octave>4</octave>
          </pitch>
        <duration>12</duration>
        <voice>1</voice>
        <type>16th</type>
        <stem>down</stem>
        </note>
      <note>
        <rest/>
        <duration>12</duration>
        <voice>1</voice>
        <type>16th</type>
        </note>
      <note default-x="413.11" default-y="-20.00">
        <pitch>
          <step>C</step>
          <alter>2</alter>
          <octave>4</octave>
          </pitch>
        <duration>12</duration>
        <voice>1</voice>
        <type>16th</type>
        <accidental>double-sharp</accidental>
        <stem>down</stem>
        </note>
      <note>
        <rest/>
        <duration>12</duration>
        <voice>1</voice>
        <type>16th</type>
        </note>
      <note default-x="482.76" default-y="-20.00">
        <pitch>
          <step>C</step>
          <alter>1</alter>
          <octave>4</octave>
          </pitch>
        <duration>12</duration>
        <voice>1</voice>
        <type>16th</type>
        <accidental>sharp</accidental>
        <stem>down</stem>
        </note>
      <note>
        <rest/>
        <duration>12</duration>
        <voice>1</voice>
        <type>16th</type>
        </note>
      <note default-x="552.42" default-y="-25.00">
        <pitch>
          <step>B</step>
          <octave>3</octave>
          </pitch>
        <duration>12</duration>
        <voice>1</voice>
        <type>16th</type>
        <stem>up</stem>
        </note>
      <note>
        <rest/>
        <duration>12</duration>
        <voice>1</voice>
        <type>16th</type>
        </note>
      <note default-x="622.07" default-y="-35.00">
        <pitch>
          <step>G</step>
          <alter>1</alter>
          <octave>3</octave>
          </pitch>
        <duration>12</duration>
        <voice>1</voice>
        <type>16th</type>
        <stem>up</stem>
        </note>
      <note>
        <rest/>
        <duration>12</duration>
        <voice>1</voice>
        <type>16th</type>
        </note>
      </measure>
    <measure number="2" width="570.84">
      <note default-x="12.00" default-y="-45.00">
        <pitch>
          <step>E</step>
          <octave>3</octave>
          </pitch>
        <duration>12</duration>
        <voice>1</voice>
        <type>16th</type>
        <stem>up</stem>
        </note>
      <note>
        <rest/>
        <duration>12</duration>
        <voice>1</voice>
        <type>16th</type>
        </note>
      <note default-x="81.65" default-y="-35.00">
        <pitch>
          <step>G</step>
          <alter>1</alter>
          <octave>3</octave>
          </pitch>
        <duration>12</duration>
        <voice>1</voice>
        <type>16th</type>
        <stem>up</stem>
        </note>
      <note>
        <rest/>
        <duration>12</duration>
        <voice>1</voice>
        <type>16th</type>
        </note>
      <note default-x="151.31" default-y="-25.00">
        <pitch>
          <step>B</step>
          <octave>3</octave>
          </pitch>
        <duration>12</duration>
        <voice>1</voice>
        <type>16th</type>
        <stem>up</stem>
        </note>
      <note>
        <rest/>
        <duration>12</duration>
        <voice>1</voice>
        <type>16th</type>
        </note>
      <note default-x="220.96" default-y="-20.00">
        <pitch>
          <step>C</step>
          <alter>1</alter>
          <octave>4</octave>
          </pitch>
        <duration>12</duration>
        <voice>1</voice>
        <type>16th</type>
        <stem>down</stem>
        </note>
      <note>
        <rest/>
        <duration>12</duration>
        <voice>1</voice>
        <type>16th</type>
        </note>
      <note default-x="290.62" default-y="-20.00">
        <pitch>
          <step>C</step>
          <alter>2</alter>
          <octave>4</octave>
          </pitch>
        <duration>12</duration>
        <voice>1</voice>
        <type>16th</type>
        <accidental>double-sharp</accidental>
        <stem>down</stem>
        </note>
      <note>
        <rest/>
        <duration>12</duration>
        <voice>1</voice>
        <type>16th</type>
        </note>
      <note default-x="360.27" default-y="-20.00">
        <pitch>
          <step>C</step>
          <alter>1</alter>
          <octave>4</octave>
          </pitch>
        <duration>12</duration>
        <voice>1</voice>
        <type>16th</type>
        <accidental>sharp</accidental>
        <stem>down</stem>
        </note>
      <note>
        <rest/>
        <duration>12</duration>
        <voice>1</voice>
        <type>16th</type>
        </note>
      <note default-x="429.93" default-y="-25.00">
        <pitch>
          <step>B</step>
          <octave>3</octave>
          </pitch>
        <duration>12</duration>
        <voice>1</voice>
        <type>16th</type>
        <stem>up</stem>
        </note>
      <note>
        <rest/>
        <duration>12</duration>
        <voice>1</voice>
        <type>16th</type>
        </note>
      <note default-x="499.58" default-y="-35.00">
        <pitch>
          <step>G</step>
          <alter>1</alter>
          <octave>3</octave>
          </pitch>
        <duration>12</duration>
        <voice>1</voice>
        <type>16th</type>
        <stem>up</stem>
        </note>
      <note>
        <rest/>
        <duration>12</duration>
        <voice>1</voice>
        <type>16th</type>
        </note>
      </measure>
    <measure number="3" width="641.69">
      <print new-system="yes">
        <system-layout>
          <system-margins>
            <left-margin>2.50</left-margin>
            <right-margin>-0.00</right-margin>
            </system-margins>
          <system-distance>185.83</system-distance>
          </system-layout>
        </print>
      <note default-x="95.70" default-y="-30.00">
        <pitch>
          <step>A</step>
          <octave>3</octave>
          </pitch>
        <duration>12</duration>
        <voice>1</voice>
        <type>16th</type>
        <stem>up</stem>
        </note>
      <note>
        <rest/>
        <duration>12</duration>
        <voice>1</voice>
        <type>16th</type>
        </note>
      <note default-x="163.75" default-y="-20.00">
        <pitch>
          <step>C</step>
          <alter>1</alter>
          <octave>4</octave>
          </pitch>
        <duration>12</duration>
        <voice>1</voice>
        <type>16th</type>
        <stem>down</stem>
        </note>
      <note>
        <rest/>
        <duration>12</duration>
        <voice>1</voice>
        <type>16th</type>
        </note>
      <note default-x="231.80" default-y="-10.00">
        <pitch>
          <step>E</step>
          <octave>4</octave>
          </pitch>
        <duration>12</duration>
        <voice>1</voice>
        <type>16th</type>
        <stem>down</stem>
        </note>
      <note>
        <rest/>
        <duration>12</duration>
        <voice>1</voice>
        <type>16th</type>
        </note>
      <note default-x="299.85" default-y="-5.00">
        <pitch>
          <step>F</step>
          <alter>1</alter>
          <octave>4</octave>
          </pitch>
        <duration>12</duration>
        <voice>1</voice>
        <type>16th</type>
        <stem>down</stem>
        </note>
      <note>
        <rest/>
        <duration>12</duration>
        <voice>1</voice>
        <type>16th</type>
        </note>
      <note default-x="367.90" default-y="-5.00">
        <pitch>
          <step>F</step>
          <alter>2</alter>
          <octave>4</octave>
          </pitch>
        <duration>12</duration>
        <voice>1</voice>
        <type>16th</type>
        <accidental>double-sharp</accidental>
        <stem>down</stem>
        </note>
      <note>
        <rest/>
        <duration>12</duration>
        <voice>1</voice>
        <type>16th</type>
        </note>
      <note default-x="435.94" default-y="-5.00">
        <pitch>
          <step>F</step>
          <alter>1</alter>
          <octave>4</octave>
          </pitch>
        <duration>12</duration>
        <voice>1</voice>
        <type>16th</type>
        <accidental>sharp</accidental>
        <stem>down</stem>
        </note>
      <note>
        <rest/>
        <duration>12</duration>
        <voice>1</voice>
        <type>16th</type>
        </note>
      <note default-x="503.99" default-y="-10.00">
        <pitch>
          <step>E</step>
          <octave>4</octave>
          </pitch>
        <duration>12</duration>
        <voice>1</voice>
        <type>16th</type>
        <stem>down</stem>
        </note>
      <note>
        <rest/>
        <duration>12</duration>
        <voice>1</voice>
        <type>16th</type>
        </note>
      <note default-x="572.04" default-y="-20.00">
        <pitch>
          <step>C</step>
          <alter>1</alter>
          <octave>4</octave>
          </pitch>
        <duration>12</duration>
        <voice>1</voice>
        <type>16th</type>
        <stem>down</stem>
        </note>
      <note>
        <rest/>
        <duration>12</duration>
        <voice>1</voice>
        <type>16th</type>
        </note>
      </measure>
    <measure number="4" width="622.48">
      <note default-x="12.00" default-y="-45.00">
        <pitch>
          <step>E</step>
          <octave>3</octave>
          </pitch>
        <duration>12</duration>
        <voice>1</voice>
        <type>16th</type>
        <stem>up</stem>
        </note>
      <note>
        <rest/>
        <duration>12</duration>
        <voice>1</voice>
        <type>16th</type>
        </note>
      <note default-x="88.11" default-y="-35.00">
        <pitch>
          <step>G</step>
          <alter>1</alter>
          <octave>3</octave>
          </pitch>
        <duration>12</duration>
        <voice>1</voice>
        <type>16th</type>
        <stem>up</stem>
        </note>
      <note>
        <rest/>
        <duration>12</duration>
        <voice>1</voice>
        <type>16th</type>
        </note>
      <note default-x="164.22" default-y="-25.00">
        <pitch>
          <step>B</step>
          <octave>3</octave>
          </pitch>
        <duration>12</duration>
        <voice>1</voice>
        <type>16th</type>
        <stem>up</stem>
        </note>
      <note>
        <rest/>
        <duration>12</duration>
        <voice>1</voice>
        <type>16th</type>
        </note>
      <note default-x="240.33" default-y="-20.00">
        <pitch>
          <step>C</step>
          <alter>1</alter>
          <octave>4</octave>
          </pitch>
        <duration>12</duration>
        <voice>1</voice>
        <type>16th</type>
        <stem>down</stem>
        </note>
      <note>
        <rest/>
        <duration>12</duration>
        <voice>1</voice>
        <type>16th</type>
        </note>
      <note default-x="316.44" default-y="-20.00">
        <pitch>
          <step>C</step>
          <alter>2</alter>
          <octave>4</octave>
          </pitch>
        <duration>12</duration>
        <voice>1</voice>
        <type>16th</type>
        <accidental>double-sharp</accidental>
        <stem>down</stem>
        </note>
      <note>
        <rest/>
        <duration>12</duration>
        <voice>1</voice>
        <type>16th</type>
        </note>
      <note default-x="392.55" default-y="-20.00">
        <pitch>
          <step>C</step>
          <alter>1</alter>
          <octave>4</octave>
          </pitch>
        <duration>12</duration>
        <voice>1</voice>
        <type>16th</type>
        <accidental>sharp</accidental>
        <stem>down</stem>
        </note>
      <note>
        <rest/>
        <duration>12</duration>
        <voice>1</voice>
        <type>16th</type>
        </note>
      <note default-x="468.66" default-y="-25.00">
        <pitch>
          <step>B</step>
          <octave>3</octave>
          </pitch>
        <duration>12</duration>
        <voice>1</voice>
        <type>16th</type>
        <stem>up</stem>
        </note>
      <note>
        <rest/>
        <duration>12</duration>
        <voice>1</voice>
        <type>16th</type>
        </note>
      <note default-x="544.77" default-y="-35.00">
        <pitch>
          <step>G</step>
          <alter>1</alter>
          <octave>3</octave>
          </pitch>
        <duration>12</duration>
        <voice>1</voice>
        <type>16th</type>
        <stem>up</stem>
        </note>
      <note>
        <rest/>
        <duration>12</duration>
        <voice>1</voice>
        <type>16th</type>
        </note>
      </measure>
    <measure number="5" width="1264.17">
      <print new-system="yes">
        <system-layout>
          <system-margins>
            <left-margin>2.50</left-margin>
            <right-margin>0.00</right-margin>
            </system-margins>
          <system-distance>185.83</system-distance>
          </system-layout>
        </print>
      <note default-x="95.70" default-y="-25.00">
        <pitch>
          <step>B</step>
          <octave>3</octave>
          </pitch>
        <duration>12</duration>
        <voice>1</voice>
        <type>16th</type>
        <stem>up</stem>
        </note>
      <note>
        <rest/>
        <duration>12</duration>
        <voice>1</voice>
        <type>16th</type>
        </note>
      <note default-x="241.56" default-y="-15.00">
        <pitch>
          <step>D</step>
          <alter>1</alter>
          <octave>4</octave>
          </pitch>
        <duration>12</duration>
        <voice>1</voice>
        <type>16th</type>
        <stem>down</stem>
        </note>
      <note>
        <rest/>
        <duration>12</duration>
        <voice>1</voice>
        <type>16th</type>
        </note>
      <note default-x="387.42" default-y="-5.00">
        <pitch>
          <step>F</step>
          <alter>1</alter>
          <octave>4</octave>
          </pitch>
        <duration>12</duration>
        <voice>1</voice>
        <type>16th</type>
        <stem>down</stem>
        </note>
      <note>
        <rest/>
        <duration>12</duration>
        <voice>1</voice>
        <type>16th</type>
        </note>
      <note default-x="533.28" default-y="0.00">
        <pitch>
          <step>G</step>
          <alter>1</alter>
          <octave>4</octave>
          </pitch>
        <duration>12</duration>
        <voice>1</voice>
        <type>16th</type>
        <stem>down</stem>
        </note>
      <note>
        <rest/>
        <duration>12</duration>
        <voice>1</voice>
        <type>16th</type>
        </note>
      <note default-x="679.13" default-y="5.00">
        <pitch>
          <step>A</step>
          <octave>4</octave>
          </pitch>
        <duration>12</duration>
        <voice>1</voice>
        <type>16th</type>
        <stem>down</stem>
        </note>
      <note>
        <rest/>
        <duration>12</duration>
        <voice>1</voice>
        <type>16th</type>
        </note>
      <note default-x="824.99" default-y="0.00">
        <pitch>
          <step>G</step>
          <alter>1</alter>
          <octave>4</octave>
          </pitch>
        <duration>12</duration>
        <voice>1</voice>
        <type>16th</type>
        <stem>down</stem>
        </note>
      <note>
        <rest/>
        <duration>12</duration>
        <voice>1</voice>
        <type>16th</type>
        </note>
      <note default-x="970.85" default-y="-5.00">
        <pitch>
          <step>F</step>
          <alter>1</alter>
          <octave>4</octave>
          </pitch>
        <duration>12</duration>
        <voice>1</voice>
        <type>16th</type>
        <stem>down</stem>
        </note>
      <note>
        <rest/>
        <duration>12</duration>
        <voice>1</voice>
        <type>16th</type>
        </note>
      <note default-x="1116.71" default-y="-15.00">
        <pitch>
          <step>D</step>
          <alter>1</alter>
          <octave>4</octave>
          </pitch>
        <duration>12</duration>
        <voice>1</voice>
        <type>16th</type>
        <stem>down</stem>
        </note>
      <note>
        <rest/>
        <duration>12</duration>
        <voice>1</voice>
        <type>16th</type>
        </note>
      </measure>
    <measure number="6" width="1264.17">
      <print new-page="yes">
        <system-layout>
          <system-margins>
            <left-margin>2.50</left-margin>
            <right-margin>0.00</right-margin>
            </system-margins>
          <top-system-distance>70.00</top-system-distance>
          </system-layout>
        </print>
      <note default-x="95.70" default-y="-10.00">
        <pitch>
          <step>E</step>
          <octave>4</octave>
          </pitch>
        <duration>12</duration>
        <voice>1</voice>
        <type>16th</type>
        <stem>down</stem>
        </note>
      <note>
        <rest/>
        <duration>12</duration>
        <voice>1</voice>
        <type>16th</type>
        </note>
      <note default-x="246.27" default-y="-20.00">
        <pitch>
          <step>C</step>
          <alter>1</alter>
          <octave>4</octave>
          </pitch>
        <duration>12</duration>
        <voice>1</voice>
        <type>16th</type>
        <stem>down</stem>
        </note>
      <note>
        <rest/>
        <duration>12</duration>
        <voice>1</voice>
        <type>16th</type>
        </note>
      <note default-x="396.85" default-y="-25.00">
        <pitch>
          <step>B</step>
          <octave>3</octave>
          </pitch>
        <duration>12</duration>
        <voice>1</voice>
        <type>16th</type>
        <stem>up</stem>
        </note>
      <note>
        <rest/>
        <duration>12</duration>
        <voice>1</voice>
        <type>16th</type>
        </note>
      <note default-x="495.52" default-y="-35.00">
        <pitch>
          <step>G</step>
          <alter>1</alter>
          <octave>3</octave>
          </pitch>
        <duration>12</duration>
        <voice>1</voice>
        <type>16th</type>
        <stem>up</stem>
        </note>
      <note>
        <rest/>
        <duration>12</duration>
        <voice>1</voice>
        <type>16th</type>
        </note>
      <note default-x="594.19" default-y="-25.00">
        <pitch>
          <step>B</step>
          <octave>3</octave>
          </pitch>
        <duration>12</duration>
        <voice>1</voice>
        <type>16th</type>
        <stem>up</stem>
        </note>
      <note>
        <rest/>
        <duration>12</duration>
        <voice>1</voice>
        <type>16th</type>
        </note>
      <note default-x="744.76" default-y="-20.00">
        <pitch>
          <step>C</step>
          <alter>1</alter>
          <octave>4</octave>
          </pitch>
        <duration>12</duration>
        <voice>1</voice>
        <type>16th</type>
        <stem>down</stem>
        </note>
      <note>
        <rest/>
        <duration>12</duration>
        <voice>1</voice>
        <type>16th</type>
        </note>
      <note default-x="912.96" default-y="-20.00">
        <pitch>
          <step>C</step>
          <alter>2</alter>
          <octave>4</octave>
          </pitch>
        <duration>12</duration>
        <voice>1</voice>
        <type>16th</type>
        <accidental>double-sharp</accidental>
        <stem>down</stem>
        </note>
      <note>
        <rest/>
        <duration>12</duration>
        <voice>1</voice>
        <type>16th</type>
        </note>
      <note default-x="1081.01" default-y="-15.00">
        <pitch>
          <step>D</step>
          <alter>1</alter>
          <octave>4</octave>
          </pitch>
        <duration>12</duration>
        <voice>1</voice>
        <type>16th</type>
        <stem>down</stem>
        </note>
      <note>
        <rest/>
        <duration>12</duration>
        <voice>1</voice>
        <type>16th</type>
        </note>
      <barline location="right">
        <bar-style>light-heavy</bar-style>
        <repeat direction="backward"/>
        </barline>
      </measure>
    <measure number="7" width="1264.17">
      <print new-system="yes">
        <system-layout>
          <system-margins>
            <left-margin>2.50</left-margin>
            <right-margin>0.00</right-margin>
            </system-margins>
          <system-distance>92.50</system-distance>
          </system-layout>
        </print>
      <note>
        <rest/>
        <duration>192</duration>
        <voice>1</voice>
        </note>
      <barline location="right">
        <bar-style>light-heavy</bar-style>
        </barline>
      </measure>
    </part>
  <part id="P2">
    <measure number="1" width="693.33">
      <print>
        <staff-layout number="1">
          <staff-distance>65.00</staff-distance>
          </staff-layout>
        </print>
      <barline location="left">
        <bar-style>heavy-light</bar-style>
        <repeat direction="forward"/>
        </barline>
      <attributes>
        <divisions>48</divisions>
        <key>
          <fifths>4</fifths>
          <mode>major</mode>
          </key>
        <time>
          <beats>4</beats>
          <beat-type>4</beat-type>
          </time>
        <clef>
          <sign>C</sign>
          <line>3</line>
          </clef>
        </attributes>
      <note>
        <rest/>
        <duration>12</duration>
        <voice>1</voice>
        <type>16th</type>
        </note>
      <note default-x="169.32" default-y="-150.00">
        <pitch>
          <step>E</step>
          <octave>3</octave>
          </pitch>
        <duration>12</duration>
        <voice>1</voice>
        <type>16th</type>
        <stem>up</stem>
        </note>
      <note>
        <rest/>
        <duration>12</duration>
        <voice>1</voice>
        <type>16th</type>
        </note>
      <note default-x="238.97" default-y="-140.00">
        <pitch>
          <step>G</step>
          <alter>1</alter>
          <octave>3</octave>
          </pitch>
        <duration>12</duration>
        <voice>1</voice>
        <type>16th</type>
        <stem>up</stem>
        </note>
      <note>
        <rest/>
        <duration>12</duration>
        <voice>1</voice>
        <type>16th</type>
        </note>
      <note default-x="308.63" default-y="-130.00">
        <pitch>
          <step>B</step>
          <octave>3</octave>
          </pitch>
        <duration>12</duration>
        <voice>1</voice>
        <type>16th</type>
        <stem>up</stem>
        </note>
      <note>
        <rest/>
        <duration>12</duration>
        <voice>1</voice>
        <type>16th</type>
        </note>
      <note default-x="378.28" default-y="-125.00">
        <pitch>
          <step>C</step>
          <alter>1</alter>
          <octave>4</octave>
          </pitch>
        <duration>12</duration>
        <voice>1</voice>
        <type>16th</type>
        <stem>down</stem>
        </note>
      <note>
        <rest/>
        <duration>12</duration>
        <voice>1</voice>
        <type>16th</type>
        </note>
      <note default-x="447.94" default-y="-125.00">
        <pitch>
          <step>C</step>
          <alter>2</alter>
          <octave>4</octave>
          </pitch>
        <duration>12</duration>
        <voice>1</voice>
        <type>16th</type>
        <accidental>double-sharp</accidental>
        <stem>down</stem>
        </note>
      <note>
        <rest/>
        <duration>12</duration>
        <voice>1</voice>
        <type>16th</type>
        </note>
      <note default-x="517.59" default-y="-125.00">
        <pitch>
          <step>C</step>
          <alter>1</alter>
          <octave>4</octave>
          </pitch>
        <duration>12</duration>
        <voice>1</voice>
        <type>16th</type>
        <accidental>sharp</accidental>
        <stem>down</stem>
        </note>
      <note>
        <rest/>
        <duration>12</duration>
        <voice>1</voice>
        <type>16th</type>
        </note>
      <note default-x="587.25" default-y="-130.00">
        <pitch>
          <step>B</step>
          <octave>3</octave>
          </pitch>
        <duration>12</duration>
        <voice>1</voice>
        <type>16th</type>
        <stem>up</stem>
        </note>
      <note>
        <rest/>
        <duration>12</duration>
        <voice>1</voice>
        <type>16th</type>
        </note>
      <note default-x="656.90" default-y="-140.00">
        <pitch>
          <step>G</step>
          <alter>1</alter>
          <octave>3</octave>
          </pitch>
        <duration>12</duration>
        <voice>1</voice>
        <type>16th</type>
        <stem>up</stem>
        </note>
      </measure>
    <measure number="2" width="570.84">
      <note>
        <rest/>
        <duration>12</duration>
        <voice>1</voice>
        <type>16th</type>
        </note>
      <note default-x="46.83" default-y="-150.00">
        <pitch>
          <step>E</step>
          <octave>3</octave>
          </pitch>
        <duration>12</duration>
        <voice>1</voice>
        <type>16th</type>
        <stem>up</stem>
        </note>
      <note>
        <rest/>
        <duration>12</duration>
        <voice>1</voice>
        <type>16th</type>
        </note>
      <note default-x="116.48" default-y="-140.00">
        <pitch>
          <step>G</step>
          <alter>1</alter>
          <octave>3</octave>
          </pitch>
        <duration>12</duration>
        <voice>1</voice>
        <type>16th</type>
        <stem>up</stem>
        </note>
      <note>
        <rest/>
        <duration>12</duration>
        <voice>1</voice>
        <type>16th</type>
        </note>
      <note default-x="186.14" default-y="-130.00">
        <pitch>
          <step>B</step>
          <octave>3</octave>
          </pitch>
        <duration>12</duration>
        <voice>1</voice>
        <type>16th</type>
        <stem>up</stem>
        </note>
      <note>
        <rest/>
        <duration>12</duration>
        <voice>1</voice>
        <type>16th</type>
        </note>
      <note default-x="255.79" default-y="-125.00">
        <pitch>
          <step>C</step>
          <alter>1</alter>
          <octave>4</octave>
          </pitch>
        <duration>12</duration>
        <voice>1</voice>
        <type>16th</type>
        <stem>down</stem>
        </note>
      <note>
        <rest/>
        <duration>12</duration>
        <voice>1</voice>
        <type>16th</type>
        </note>
      <note default-x="325.45" default-y="-125.00">
        <pitch>
          <step>C</step>
          <alter>2</alter>
          <octave>4</octave>
          </pitch>
        <duration>12</duration>
        <voice>1</voice>
        <type>16th</type>
        <accidental>double-sharp</accidental>
        <stem>down</stem>
        </note>
      <note>
        <rest/>
        <duration>12</duration>
        <voice>1</voice>
        <type>16th</type>
        </note>
      <note default-x="395.10" default-y="-125.00">
        <pitch>
          <step>C</step>
          <alter>1</alter>
          <octave>4</octave>
          </pitch>
        <duration>12</duration>
        <voice>1</voice>
        <type>16th</type>
        <accidental>sharp</accidental>
        <stem>down</stem>
        </note>
      <note>
        <rest/>
        <duration>12</duration>
        <voice>1</voice>
        <type>16th</type>
        </note>
      <note default-x="464.76" default-y="-130.00">
        <pitch>
          <step>B</step>
          <octave>3</octave>
          </pitch>
        <duration>12</duration>
        <voice>1</voice>
        <type>16th</type>
        <stem>up</stem>
        </note>
      <note>
        <rest/>
        <duration>12</duration>
        <voice>1</voice>
        <type>16th</type>
        </note>
      <note default-x="534.41" default-y="-140.00">
        <pitch>
          <step>G</step>
          <alter>1</alter>
          <octave>3</octave>
          </pitch>
        <duration>12</duration>
        <voice>1</voice>
        <type>16th</type>
        <stem>up</stem>
        </note>
      </measure>
    <measure number="3" width="641.69">
      <print new-system="yes">
        <staff-layout number="1">
          <staff-distance>65.00</staff-distance>
          </staff-layout>
        </print>
      <note>
        <rest/>
        <duration>12</duration>
        <voice>1</voice>
        <type>16th</type>
        </note>
      <note default-x="129.72" default-y="-135.00">
        <pitch>
          <step>A</step>
          <octave>3</octave>
          </pitch>
        <duration>12</duration>
        <voice>1</voice>
        <type>16th</type>
        <stem>up</stem>
        </note>
      <note>
        <rest/>
        <duration>12</duration>
        <voice>1</voice>
        <type>16th</type>
        </note>
      <note default-x="197.77" default-y="-125.00">
        <pitch>
          <step>C</step>
          <alter>1</alter>
          <octave>4</octave>
          </pitch>
        <duration>12</duration>
        <voice>1</voice>
        <type>16th</type>
        <stem>down</stem>
        </note>
      <note>
        <rest/>
        <duration>12</duration>
        <voice>1</voice>
        <type>16th</type>
        </note>
      <note default-x="265.82" default-y="-115.00">
        <pitch>
          <step>E</step>
          <octave>4</octave>
          </pitch>
        <duration>12</duration>
        <voice>1</voice>
        <type>16th</type>
        <stem>down</stem>
        </note>
      <note>
        <rest/>
        <duration>12</duration>
        <voice>1</voice>
        <type>16th</type>
        </note>
      <note default-x="333.87" default-y="-110.00">
        <pitch>
          <step>F</step>
          <alter>1</alter>
          <octave>4</octave>
          </pitch>
        <duration>12</duration>
        <voice>1</voice>
        <type>16th</type>
        <stem>down</stem>
        </note>
      <note>
        <rest/>
        <duration>12</duration>
        <voice>1</voice>
        <type>16th</type>
        </note>
      <note default-x="401.92" default-y="-110.00">
        <pitch>
          <step>F</step>
          <alter>2</alter>
          <octave>4</octave>
          </pitch>
        <duration>12</duration>
        <voice>1</voice>
        <type>16th</type>
        <accidental>double-sharp</accidental>
        <stem>down</stem>
        </note>
      <note>
        <rest/>
        <duration>12</duration>
        <voice>1</voice>
        <type>16th</type>
        </note>
      <note default-x="469.97" default-y="-110.00">
        <pitch>
          <step>F</step>
          <alter>1</alter>
          <octave>4</octave>
          </pitch>
        <duration>12</duration>
        <voice>1</voice>
        <type>16th</type>
        <accidental>sharp</accidental>
        <stem>down</stem>
        </note>
      <note>
        <rest/>
        <duration>12</duration>
        <voice>1</voice>
        <type>16th</type>
        </note>
      <note default-x="538.02" default-y="-115.00">
        <pitch>
          <step>E</step>
          <octave>4</octave>
          </pitch>
        <duration>12</duration>
        <voice>1</voice>
        <type>16th</type>
        <stem>down</stem>
        </note>
      <note>
        <rest/>
        <duration>12</duration>
        <voice>1</voice>
        <type>16th</type>
        </note>
      <note default-x="606.07" default-y="-125.00">
        <pitch>
          <step>C</step>
          <alter>1</alter>
          <octave>4</octave>
          </pitch>
        <duration>12</duration>
        <voice>1</voice>
        <type>16th</type>
        <stem>down</stem>
        </note>
      </measure>
    <measure number="4" width="622.48">
      <note>
        <rest/>
        <duration>12</duration>
        <voice>1</voice>
        <type>16th</type>
        </note>
      <note default-x="50.05" default-y="-150.00">
        <pitch>
          <step>E</step>
          <octave>3</octave>
          </pitch>
        <duration>12</duration>
        <voice>1</voice>
        <type>16th</type>
        <stem>up</stem>
        </note>
      <note>
        <rest/>
        <duration>12</duration>
        <voice>1</voice>
        <type>16th</type>
        </note>
      <note default-x="126.16" default-y="-140.00">
        <pitch>
          <step>G</step>
          <alter>1</alter>
          <octave>3</octave>
          </pitch>
        <duration>12</duration>
        <voice>1</voice>
        <type>16th</type>
        <stem>up</stem>
        </note>
      <note>
        <rest/>
        <duration>12</duration>
        <voice>1</voice>
        <type>16th</type>
        </note>
      <note default-x="202.27" default-y="-130.00">
        <pitch>
          <step>B</step>
          <octave>3</octave>
          </pitch>
        <duration>12</duration>
        <voice>1</voice>
        <type>16th</type>
        <stem>up</stem>
        </note>
      <note>
        <rest/>
        <duration>12</duration>
        <voice>1</voice>
        <type>16th</type>
        </note>
      <note default-x="278.38" default-y="-125.00">
        <pitch>
          <step>C</step>
          <alter>1</alter>
          <octave>4</octave>
          </pitch>
        <duration>12</duration>
        <voice>1</voice>
        <type>16th</type>
        <stem>down</stem>
        </note>
      <note>
        <rest/>
        <duration>12</duration>
        <voice>1</voice>
        <type>16th</type>
        </note>
      <note default-x="354.49" default-y="-125.00">
        <pitch>
          <step>C</step>
          <alter>2</alter>
          <octave>4</octave>
          </pitch>
        <duration>12</duration>
        <voice>1</voice>
        <type>16th</type>
        <accidental>double-sharp</accidental>
        <stem>down</stem>
        </note>
      <note>
        <rest/>
        <duration>12</duration>
        <voice>1</voice>
        <type>16th</type>
        </note>
      <note default-x="430.60" default-y="-125.00">
        <pitch>
          <step>C</step>
          <alter>1</alter>
          <octave>4</octave>
          </pitch>
        <duration>12</duration>
        <voice>1</voice>
        <type>16th</type>
        <accidental>sharp</accidental>
        <stem>down</stem>
        </note>
      <note>
        <rest/>
        <duration>12</duration>
        <voice>1</voice>
        <type>16th</type>
        </note>
      <note default-x="506.71" default-y="-130.00">
        <pitch>
          <step>B</step>
          <octave>3</octave>
          </pitch>
        <duration>12</duration>
        <voice>1</voice>
        <type>16th</type>
        <stem>up</stem>
        </note>
      <note>
        <rest/>
        <duration>12</duration>
        <voice>1</voice>
        <type>16th</type>
        </note>
      <note default-x="582.82" default-y="-140.00">
        <pitch>
          <step>G</step>
          <alter>1</alter>
          <octave>3</octave>
          </pitch>
        <duration>12</duration>
        <voice>1</voice>
        <type>16th</type>
        <stem>up</stem>
        </note>
      </measure>
    <measure number="5" width="1264.17">
      <print new-system="yes">
        <staff-layout number="1">
          <staff-distance>65.00</staff-distance>
          </staff-layout>
        </print>
      <note>
        <rest/>
        <duration>12</duration>
        <voice>1</voice>
        <type>16th</type>
        </note>
      <note default-x="168.63" default-y="-130.00">
        <pitch>
          <step>B</step>
          <octave>3</octave>
          </pitch>
        <duration>12</duration>
        <voice>1</voice>
        <type>16th</type>
        <stem>up</stem>
        </note>
      <note>
        <rest/>
        <duration>12</duration>
        <voice>1</voice>
        <type>16th</type>
        </note>
      <note default-x="314.49" default-y="-120.00">
        <pitch>
          <step>D</step>
          <alter>1</alter>
          <octave>4</octave>
          </pitch>
        <duration>12</duration>
        <voice>1</voice>
        <type>16th</type>
        <stem>down</stem>
        </note>
      <note>
        <rest/>
        <duration>12</duration>
        <voice>1</voice>
        <type>16th</type>
        </note>
      <note default-x="460.35" default-y="-110.00">
        <pitch>
          <step>F</step>
          <alter>1</alter>
          <octave>4</octave>
          </pitch>
        <duration>12</duration>
        <voice>1</voice>
        <type>16th</type>
        <stem>down</stem>
        </note>
      <note>
        <rest/>
        <duration>12</duration>
        <voice>1</voice>
        <type>16th</type>
        </note>
      <note default-x="606.20" default-y="-105.00">
        <pitch>
          <step>G</step>
          <alter>1</alter>
          <octave>4</octave>
          </pitch>
        <duration>12</duration>
        <voice>1</voice>
        <type>16th</type>
        <stem>down</stem>
        </note>
      <note>
        <rest/>
        <duration>12</duration>
        <voice>1</voice>
        <type>16th</type>
        </note>
      <note default-x="752.06" default-y="-100.00">
        <pitch>
          <step>A</step>
          <octave>4</octave>
          </pitch>
        <duration>12</duration>
        <voice>1</voice>
        <type>16th</type>
        <stem>down</stem>
        </note>
      <note>
        <rest/>
        <duration>12</duration>
        <voice>1</voice>
        <type>16th</type>
        </note>
      <note default-x="897.92" default-y="-105.00">
        <pitch>
          <step>G</step>
          <alter>1</alter>
          <octave>4</octave>
          </pitch>
        <duration>12</duration>
        <voice>1</voice>
        <type>16th</type>
        <stem>down</stem>
        </note>
      <note>
        <rest/>
        <duration>12</duration>
        <voice>1</voice>
        <type>16th</type>
        </note>
      <note default-x="1043.78" default-y="-110.00">
        <pitch>
          <step>F</step>
          <alter>1</alter>
          <octave>4</octave>
          </pitch>
        <duration>12</duration>
        <voice>1</voice>
        <type>16th</type>
        <stem>down</stem>
        </note>
      <note>
        <rest/>
        <duration>12</duration>
        <voice>1</voice>
        <type>16th</type>
        </note>
      <note default-x="1189.64" default-y="-120.00">
        <pitch>
          <step>D</step>
          <alter>1</alter>
          <octave>4</octave>
          </pitch>
        <duration>12</duration>
        <voice>1</voice>
        <type>16th</type>
        <stem>down</stem>
        </note>
      </measure>
    <measure number="6" width="1264.17">
      <print new-page="yes">
        <staff-layout number="1">
          <staff-distance>65.00</staff-distance>
          </staff-layout>
        </print>
      <note>
        <rest/>
        <duration>12</duration>
        <voice>1</voice>
        <type>16th</type>
        </note>
      <note default-x="196.94" default-y="-115.00">
        <pitch>
          <step>E</step>
          <octave>4</octave>
          </pitch>
        <duration>12</duration>
        <voice>1</voice>
        <type>16th</type>
        <stem>down</stem>
        </note>
      <note>
        <rest/>
        <duration>12</duration>
        <voice>1</voice>
        <type>16th</type>
        </note>
      <note default-x="347.51" default-y="-125.00">
        <pitch>
          <step>C</step>
          <alter>1</alter>
          <octave>4</octave>
          </pitch>
        <duration>12</duration>
        <voice>1</voice>
        <type>16th</type>
        <stem>down</stem>
        </note>
      <note>
        <rest/>
        <duration>12</duration>
        <voice>1</voice>
        <type>16th</type>
        </note>
      <note default-x="446.18" default-y="-130.00">
        <pitch>
          <step>B</step>
          <octave>3</octave>
          </pitch>
        <duration>12</duration>
        <voice>1</voice>
        <type>16th</type>
        <stem>up</stem>
        </note>
      <note>
        <rest/>
        <duration>12</duration>
        <voice>1</voice>
        <type>16th</type>
        </note>
      <note default-x="544.85" default-y="-140.00">
        <pitch>
          <step>G</step>
          <alter>1</alter>
          <octave>3</octave>
          </pitch>
        <duration>12</duration>
        <voice>1</voice>
        <type>16th</type>
        <stem>up</stem>
        </note>
      <note>
        <rest/>
        <duration>12</duration>
        <voice>1</voice>
        <type>16th</type>
        </note>
      <note default-x="695.43" default-y="-130.00">
        <pitch>
          <step>B</step>
          <octave>3</octave>
          </pitch>
        <duration>12</duration>
        <voice>1</voice>
        <type>16th</type>
        <stem>up</stem>
        </note>
      <note>
        <rest/>
        <duration>12</duration>
        <voice>1</voice>
        <type>16th</type>
        </note>
      <note default-x="828.93" default-y="-125.00">
        <pitch>
          <step>C</step>
          <alter>1</alter>
          <octave>4</octave>
          </pitch>
        <duration>12</duration>
        <voice>1</voice>
        <type>16th</type>
        <stem>down</stem>
        </note>
      <note>
        <rest/>
        <duration>12</duration>
        <voice>1</voice>
        <type>16th</type>
        </note>
      <note default-x="996.99" default-y="-125.00">
        <pitch>
          <step>C</step>
          <alter>2</alter>
          <octave>4</octave>
          </pitch>
        <duration>12</duration>
        <voice>1</voice>
        <type>16th</type>
        <accidental>double-sharp</accidental>
        <stem>down</stem>
        </note>
      <note>
        <rest/>
        <duration>12</duration>
        <voice>1</voice>
        <type>16th</type>
        </note>
      <note default-x="1165.04" default-y="-120.00">
        <pitch>
          <step>D</step>
          <alter>1</alter>
          <octave>4</octave>
          </pitch>
        <duration>12</duration>
        <voice>1</voice>
        <type>16th</type>
        <stem>down</stem>
        </note>
      <barline location="right">
        <bar-style>light-heavy</bar-style>
        <repeat direction="backward"/>
        </barline>
      </measure>
    <measure number="7" width="1264.17">
      <print new-system="yes">
        <staff-layout number="1">
          <staff-distance>65.00</staff-distance>
          </staff-layout>
        </print>
      <note>
        <rest/>
        <duration>192</duration>
        <voice>1</voice>
        </note>
      <barline location="right">
        <bar-style>light-heavy</bar-style>
        </barline>
      </measure>
    </part>
  <part id="P3">
    <measure number="1" width="693.33">
      <print>
        <staff-layout number="1">
          <staff-distance>65.00</staff-distance>
          </staff-layout>
        </print>
      <barline location="left">
        <bar-style>heavy-light</bar-style>
        <repeat direction="forward"/>
        </barline>
      <attributes>
        <divisions>48</divisions>
        <key>
          <fifths>4</fifths>
          <mode>major</mode>
          </key>
        <time>
          <beats>4</beats>
          <beat-type>4</beat-type>
          </time>
        <clef>
          <sign>G</sign>
          <line>2</line>
          </clef>
        </attributes>
      <note>
        <rest/>
        <duration>48</duration>
        <voice>1</voice>
        <type>quarter</type>
        </note>
      <note>
        <rest/>
        <duration>48</duration>
        <voice>1</voice>
        <type>quarter</type>
        </note>
      <note>
        <rest/>
        <duration>48</duration>
        <voice>1</voice>
        <type>quarter</type>
        </note>
      <note default-x="552.42" default-y="-195.00">
        <pitch>
          <step>B</step>
          <octave>5</octave>
          </pitch>
        <duration>24</duration>
        <voice>1</voice>
        <type>eighth</type>
        <stem>down</stem>
        </note>
      <note>
        <rest/>
        <duration>24</duration>
        <voice>1</voice>
        <type>eighth</type>
        </note>
      </measure>
    <measure number="2" width="570.84">
      <note>
        <rest/>
        <duration>48</duration>
        <voice>1</voice>
        <type>quarter</type>
        </note>
      <note>
        <rest/>
        <duration>48</duration>
        <voice>1</voice>
        <type>quarter</type>
        </note>
      <note>
        <rest/>
        <duration>48</duration>
        <voice>1</voice>
        <type>quarter</type>
        </note>
      <note default-x="429.93" default-y="-195.00">
        <pitch>
          <step>B</step>
          <octave>5</octave>
          </pitch>
        <duration>24</duration>
        <voice>1</voice>
        <type>eighth</type>
        <stem>down</stem>
        </note>
      <note>
        <rest/>
        <duration>24</duration>
        <voice>1</voice>
        <type>eighth</type>
        </note>
      </measure>
    <measure number="3" width="641.69">
      <print new-system="yes">
        <staff-layout number="1">
          <staff-distance>65.00</staff-distance>
          </staff-layout>
        </print>
      <note>
        <rest/>
        <duration>48</duration>
        <voice>1</voice>
        <type>quarter</type>
        </note>
      <note>
        <rest/>
        <duration>48</duration>
        <voice>1</voice>
        <type>quarter</type>
        </note>
      <note>
        <rest/>
        <duration>48</duration>
        <voice>1</voice>
        <type>quarter</type>
        </note>
      <note default-x="503.99" default-y="-180.00">
        <pitch>
          <step>E</step>
          <octave>6</octave>
          </pitch>
        <duration>24</duration>
        <voice>1</voice>
        <type>eighth</type>
        <stem>down</stem>
        </note>
      <note>
        <rest/>
        <duration>24</duration>
        <voice>1</voice>
        <type>eighth</type>
        </note>
      </measure>
    <measure number="4" width="622.48">
      <note>
        <rest/>
        <duration>48</duration>
        <voice>1</voice>
        <type>quarter</type>
        </note>
      <note>
        <rest/>
        <duration>48</duration>
        <voice>1</voice>
        <type>quarter</type>
        </note>
      <note>
        <rest/>
        <duration>48</duration>
        <voice>1</voice>
        <type>quarter</type>
        </note>
      <note default-x="468.66" default-y="-195.00">
        <pitch>
          <step>B</step>
          <octave>5</octave>
          </pitch>
        <duration>24</duration>
        <voice>1</voice>
        <type>eighth</type>
        <stem>down</stem>
        </note>
      <note>
        <rest/>
        <duration>24</duration>
        <voice>1</voice>
        <type>eighth</type>
        </note>
      </measure>
    <measure number="5" width="1264.17">
      <print new-system="yes">
        <staff-layout number="1">
          <staff-distance>65.00</staff-distance>
          </staff-layout>
        </print>
      <note>
        <rest/>
        <duration>48</duration>
        <voice>1</voice>
        <type>quarter</type>
        </note>
      <note>
        <rest/>
        <duration>48</duration>
        <voice>1</voice>
        <type>quarter</type>
        </note>
      <note>
        <rest/>
        <duration>48</duration>
        <voice>1</voice>
        <type>quarter</type>
        </note>
      <note default-x="970.85" default-y="-185.00">
        <pitch>
          <step>D</step>
          <alter>1</alter>
          <octave>6</octave>
          </pitch>
        <duration>24</duration>
        <voice>1</voice>
        <type>eighth</type>
        <stem>down</stem>
        </note>
      <note>
        <rest/>
        <duration>24</duration>
        <voice>1</voice>
        <type>eighth</type>
        </note>
      </measure>
    <measure number="6" width="1264.17">
      <print new-page="yes">
        <staff-layout number="1">
          <staff-distance>65.00</staff-distance>
          </staff-layout>
        </print>
      <note default-x="95.70" default-y="-190.00">
        <pitch>
          <step>C</step>
          <alter>1</alter>
          <octave>6</octave>
          </pitch>
        <duration>3</duration>
        <voice>1</voice>
        <type>64th</type>
        <stem>down</stem>
        <beam number="1">begin</beam>
        <beam number="2">begin</beam>
        <beam number="3">begin</beam>
        <beam number="4">begin</beam>
        </note>
      <note default-x="121.73" default-y="-185.00">
        <pitch>
          <step>D</step>
          <octave>6</octave>
          </pitch>
        <duration>3</duration>
        <voice>1</voice>
        <type>64th</type>
        <accidental>natural</accidental>
        <stem>down</stem>
        <beam number="1">continue</beam>
        <beam number="2">continue</beam>
        <beam number="3">continue</beam>
        <beam number="4">continue</beam>
        </note>
      <note default-x="152.09" default-y="-185.00">
        <pitch>
          <step>D</step>
          <alter>1</alter>
          <octave>6</octave>
          </pitch>
        <duration>3</duration>
        <voice>1</voice>
        <type>64th</type>
        <accidental>sharp</accidental>
        <stem>down</stem>
        <beam number="1">continue</beam>
        <beam number="2">continue</beam>
        <beam number="3">continue</beam>
        <beam number="4">continue</beam>
        </note>
      <note default-x="174.52" default-y="-180.00">
        <pitch>
          <step>E</step>
          <octave>6</octave>
          </pitch>
        <duration>3</duration>
        <voice>1</voice>
        <type>64th</type>
        <stem>down</stem>
        <beam number="1">end</beam>
        <beam number="2">end</beam>
        <beam number="3">end</beam>
        <beam number="4">end</beam>
        </note>
      <note>
        <rest/>
        <duration>12</duration>
        <voice>1</voice>
        <type>16th</type>
        </note>
      <note default-x="246.27" default-y="-190.00">
        <pitch>
          <step>C</step>
          <alter>1</alter>
          <octave>6</octave>
          </pitch>
        <duration>3</duration>
        <voice>1</voice>
        <type>64th</type>
        <stem>down</stem>
        <beam number="1">begin</beam>
        <beam number="2">begin</beam>
        <beam number="3">begin</beam>
        <beam number="4">begin</beam>
        </note>
      <note default-x="272.30" default-y="-185.00">
        <pitch>
          <step>D</step>
          <octave>6</octave>
          </pitch>
        <duration>3</duration>
        <voice>1</voice>
        <type>64th</type>
        <accidental>natural</accidental>
        <stem>down</stem>
        <beam number="1">continue</beam>
        <beam number="2">continue</beam>
        <beam number="3">continue</beam>
        <beam number="4">continue</beam>
        </note>
      <note default-x="302.66" default-y="-185.00">
        <pitch>
          <step>D</step>
          <alter>1</alter>
          <octave>6</octave>
          </pitch>
        <duration>3</duration>
        <voice>1</voice>
        <type>64th</type>
        <accidental>sharp</accidental>
        <stem>down</stem>
        <beam number="1">continue</beam>
        <beam number="2">continue</beam>
        <beam number="3">continue</beam>
        <beam number="4">continue</beam>
        </note>
      <note default-x="325.09" default-y="-180.00">
        <pitch>
          <step>E</step>
          <octave>6</octave>
          </pitch>
        <duration>3</duration>
        <voice>1</voice>
        <type>64th</type>
        <stem>down</stem>
        <beam number="1">end</beam>
        <beam number="2">end</beam>
        <beam number="3">end</beam>
        <beam number="4">end</beam>
        </note>
      <note>
        <rest/>
        <duration>12</duration>
        <voice>1</voice>
        <type>16th</type>
        </note>
      <note>
        <rest/>
        <duration>48</duration>
        <voice>1</voice>
        <type>quarter</type>
        </note>
      <note default-x="594.19" default-y="-190.00">
        <pitch>
          <step>C</step>
          <alter>1</alter>
          <octave>6</octave>
          </pitch>
        <duration>3</duration>
        <voice>1</voice>
        <type>64th</type>
        <stem>down</stem>
        <beam number="1">begin</beam>
        <beam number="2">begin</beam>
        <beam number="3">begin</beam>
        <beam number="4">begin</beam>
        </note>
      <note default-x="620.21" default-y="-185.00">
        <pitch>
          <step>D</step>
          <octave>6</octave>
          </pitch>
        <duration>3</duration>
        <voice>1</voice>
        <type>64th</type>
        <accidental>natural</accidental>
        <stem>down</stem>
        <beam number="1">continue</beam>
        <beam number="2">continue</beam>
        <beam number="3">continue</beam>
        <beam number="4">continue</beam>
        </note>
      <note default-x="650.58" default-y="-185.00">
        <pitch>
          <step>D</step>
          <alter>1</alter>
          <octave>6</octave>
          </pitch>
        <duration>3</duration>
        <voice>1</voice>
        <type>64th</type>
        <accidental>sharp</accidental>
        <stem>down</stem>
        <beam number="1">continue</beam>
        <beam number="2">continue</beam>
        <beam number="3">continue</beam>
        <beam number="4">continue</beam>
        </note>
      <note default-x="673.00" default-y="-180.00">
        <pitch>
          <step>E</step>
          <octave>6</octave>
          </pitch>
        <duration>3</duration>
        <voice>1</voice>
        <type>64th</type>
        <stem>down</stem>
        <beam number="1">end</beam>
        <beam number="2">end</beam>
        <beam number="3">end</beam>
        <beam number="4">end</beam>
        </note>
      <note>
        <rest/>
        <duration>12</duration>
        <voice>1</voice>
        <type>16th</type>
        </note>
      <note>
        <rest/>
        <duration>24</duration>
        <voice>1</voice>
        <type>eighth</type>
        </note>
      <note>
        <rest/>
        <duration>48</duration>
        <voice>1</voice>
        <type>quarter</type>
        </note>
      <barline location="right">
        <bar-style>light-heavy</bar-style>
        <repeat direction="backward"/>
        </barline>
      </measure>
    <measure number="7" width="1264.17">
      <print new-system="yes">
        <staff-layout number="1">
          <staff-distance>65.00</staff-distance>
          </staff-layout>
        </print>
      <note>
        <rest/>
        <duration>48</duration>
        <voice>1</voice>
        <type>quarter</type>
        </note>
      <note>
        <rest/>
        <duration>48</duration>
        <voice>1</voice>
        <type>quarter</type>
        </note>
      <note default-x="318.17" default-y="-190.00">
        <pitch>
          <step>C</step>
          <alter>1</alter>
          <octave>6</octave>
          </pitch>
        <duration>3</duration>
        <voice>1</voice>
        <type>64th</type>
        <stem>down</stem>
        <beam number="1">begin</beam>
        <beam number="2">begin</beam>
        <beam number="3">begin</beam>
        <beam number="4">begin</beam>
        </note>
      <note default-x="350.89" default-y="-185.00">
        <pitch>
          <step>D</step>
          <octave>6</octave>
          </pitch>
        <duration>3</duration>
        <voice>1</voice>
        <type>64th</type>
        <accidental>natural</accidental>
        <stem>down</stem>
        <beam number="1">continue</beam>
        <beam number="2">continue</beam>
        <beam number="3">continue</beam>
        <beam number="4">continue</beam>
        </note>
      <note default-x="383.61" default-y="-185.00">
        <pitch>
          <step>D</step>
          <alter>1</alter>
          <octave>6</octave>
          </pitch>
        <duration>3</duration>
        <voice>1</voice>
        <type>64th</type>
        <accidental>sharp</accidental>
        <stem>down</stem>
        <beam number="1">continue</beam>
        <beam number="2">continue</beam>
        <beam number="3">continue</beam>
        <beam number="4">continue</beam>
        </note>
      <note default-x="416.32" default-y="-180.00">
        <pitch>
          <step>E</step>
          <octave>6</octave>
          </pitch>
        <duration>3</duration>
        <voice>1</voice>
        <type>64th</type>
        <stem>down</stem>
        <beam number="1">end</beam>
        <beam number="2">end</beam>
        <beam number="3">end</beam>
        <beam number="4">end</beam>
        </note>
      <note>
        <rest/>
        <duration>12</duration>
        <voice>1</voice>
        <type>16th</type>
        </note>
      <note>
        <rest/>
        <duration>24</duration>
        <voice>1</voice>
        <type>eighth</type>
        </note>
      <note>
        <rest/>
        <duration>48</duration>
        <voice>1</voice>
        <type>quarter</type>
        </note>
      <barline location="right">
        <bar-style>light-heavy</bar-style>
        </barline>
      </measure>
    </part>
  <part id="P4">
    <measure number="1" width="693.33">
      <print>
        <staff-layout number="1">
          <staff-distance>65.00</staff-distance>
          </staff-layout>
        </print>
      <barline location="left">
        <bar-style>heavy-light</bar-style>
        <repeat direction="forward"/>
        </barline>
      <attributes>
        <divisions>48</divisions>
        <key>
          <fifths>4</fifths>
          <mode>major</mode>
          </key>
        <time>
          <beats>4</beats>
          <beat-type>4</beat-type>
          </time>
        <clef>
          <sign>G</sign>
          <line>2</line>
          </clef>
        </attributes>
      <note>
        <rest/>
        <duration>192</duration>
        <voice>1</voice>
        </note>
      </measure>
    <measure number="2" width="570.84">
      <note>
        <rest/>
        <duration>192</duration>
        <voice>1</voice>
        </note>
      </measure>
    <measure number="3" width="641.69">
      <print new-system="yes">
        <staff-layout number="1">
          <staff-distance>65.00</staff-distance>
          </staff-layout>
        </print>
      <note>
        <rest/>
        <duration>192</duration>
        <voice>1</voice>
        </note>
      </measure>
    <measure number="4" width="622.48">
      <note>
        <rest/>
        <duration>192</duration>
        <voice>1</voice>
        </note>
      </measure>
    <measure number="5" width="1264.17">
      <print new-system="yes">
        <staff-layout number="1">
          <staff-distance>65.00</staff-distance>
          </staff-layout>
        </print>
      <note>
        <rest/>
        <duration>192</duration>
        <voice>1</voice>
        </note>
      </measure>
    <measure number="6" width="1264.17">
      <print new-page="yes">
        <staff-layout number="1">
          <staff-distance>65.00</staff-distance>
          </staff-layout>
        </print>
      <note>
        <rest/>
        <duration>48</duration>
        <voice>1</voice>
        <type>quarter</type>
        </note>
      <note>
        <rest/>
        <duration>48</duration>
        <voice>1</voice>
        <type>quarter</type>
        </note>
      <note>
        <rest/>
        <duration>24</duration>
        <voice>1</voice>
        <type>eighth</type>
        </note>
      <note default-x="744.76" default-y="-285.00">
        <pitch>
          <step>E</step>
          <octave>6</octave>
          </pitch>
        <duration>4</duration>
        <voice>1</voice>
        <type>32nd</type>
        <time-modification>
          <actual-notes>3</actual-notes>
          <normal-notes>2</normal-notes>
          </time-modification>
        <stem>down</stem>
        <notations>
          <tuplet type="start" bracket="yes"/>
          </notations>
        </note>
      <note>
        <rest/>
        <duration>4</duration>
        <voice>1</voice>
        <type>32nd</type>
        <time-modification>
          <actual-notes>3</actual-notes>
          <normal-notes>2</normal-notes>
          </time-modification>
        </note>
      <note default-x="800.92" default-y="-290.00">
        <pitch>
          <step>D</step>
          <octave>6</octave>
          </pitch>
        <duration>4</duration>
        <voice>1</voice>
        <type>32nd</type>
        <accidental>natural</accidental>
        <time-modification>
          <actual-notes>3</actual-notes>
          <normal-notes>2</normal-notes>
          </time-modification>
        <stem>down</stem>
        </note>
      <note>
        <rest/>
        <duration>4</duration>
        <voice>1</voice>
        <type>32nd</type>
        <time-modification>
          <actual-notes>3</actual-notes>
          <normal-notes>2</normal-notes>
          </time-modification>
        </note>
      <note default-x="856.94" default-y="-300.00">
        <pitch>
          <step>B</step>
          <octave>5</octave>
          </pitch>
        <duration>4</duration>
        <voice>1</voice>
        <type>32nd</type>
        <time-modification>
          <actual-notes>3</actual-notes>
          <normal-notes>2</normal-notes>
          </time-modification>
        <stem>down</stem>
        </note>
      <note>
        <rest/>
        <duration>4</duration>
        <voice>1</voice>
        <type>32nd</type>
        <time-modification>
          <actual-notes>3</actual-notes>
          <normal-notes>2</normal-notes>
          </time-modification>
        <notations>
          <tuplet type="stop"/>
          </notations>
        </note>
      <note default-x="912.96" default-y="-295.00">
        <pitch>
          <step>C</step>
          <alter>1</alter>
          <octave>6</octave>
          </pitch>
        <duration>4</duration>
        <voice>1</voice>
        <type>32nd</type>
        <time-modification>
          <actual-notes>3</actual-notes>
          <normal-notes>2</normal-notes>
          </time-modification>
        <stem>down</stem>
        <notations>
          <tuplet type="start" bracket="yes"/>
          </notations>
        </note>
      <note>
        <rest/>
        <duration>4</duration>
        <voice>1</voice>
        <type>32nd</type>
        <time-modification>
          <actual-notes>3</actual-notes>
          <normal-notes>2</normal-notes>
          </time-modification>
        </note>
      <note default-x="968.98" default-y="-300.00">
        <pitch>
          <step>B</step>
          <octave>5</octave>
          </pitch>
        <duration>4</duration>
        <voice>1</voice>
        <type>32nd</type>
        <time-modification>
          <actual-notes>3</actual-notes>
          <normal-notes>2</normal-notes>
          </time-modification>
        <stem>down</stem>
        </note>
      <note>
        <rest/>
        <duration>4</duration>
        <voice>1</voice>
        <type>32nd</type>
        <time-modification>
          <actual-notes>3</actual-notes>
          <normal-notes>2</normal-notes>
          </time-modification>
        </note>
      <note default-x="1024.99" default-y="-305.00">
        <pitch>
          <step>A</step>
          <octave>5</octave>
          </pitch>
        <duration>4</duration>
        <voice>1</voice>
        <type>32nd</type>
        <time-modification>
          <actual-notes>3</actual-notes>
          <normal-notes>2</normal-notes>
          </time-modification>
        <stem>down</stem>
        </note>
      <note>
        <rest/>
        <duration>4</duration>
        <voice>1</voice>
        <type>32nd</type>
        <time-modification>
          <actual-notes>3</actual-notes>
          <normal-notes>2</normal-notes>
          </time-modification>
        <notations>
          <tuplet type="stop"/>
          </notations>
        </note>
      <note default-x="1081.01" default-y="-300.00">
        <pitch>
          <step>B</step>
          <octave>5</octave>
          </pitch>
        <duration>4</duration>
        <voice>1</voice>
        <type>32nd</type>
        <time-modification>
          <actual-notes>3</actual-notes>
          <normal-notes>2</normal-notes>
          </time-modification>
        <stem>down</stem>
        <notations>
          <tuplet type="start" bracket="yes"/>
          </notations>
        </note>
      <note>
        <rest/>
        <duration>4</duration>
        <voice>1</voice>
        <type>32nd</type>
        <time-modification>
          <actual-notes>3</actual-notes>
          <normal-notes>2</normal-notes>
          </time-modification>
        </note>
      <note default-x="1137.03" default-y="-305.00">
        <pitch>
          <step>A</step>
          <octave>5</octave>
          </pitch>
        <duration>4</duration>
        <voice>1</voice>
        <type>32nd</type>
        <time-modification>
          <actual-notes>3</actual-notes>
          <normal-notes>2</normal-notes>
          </time-modification>
        <stem>down</stem>
        </note>
      <note>
        <rest/>
        <duration>4</duration>
        <voice>1</voice>
        <type>32nd</type>
        <time-modification>
          <actual-notes>3</actual-notes>
          <normal-notes>2</normal-notes>
          </time-modification>
        </note>
      <note>
        <rest/>
        <duration>4</duration>
        <voice>1</voice>
        <type>32nd</type>
        <time-modification>
          <actual-notes>3</actual-notes>
          <normal-notes>2</normal-notes>
          </time-modification>
        </note>
      <note default-x="1221.06" default-y="-295.00">
        <pitch>
          <step>C</step>
          <alter>1</alter>
          <octave>6</octave>
          </pitch>
        <duration>4</duration>
        <voice>1</voice>
        <type>32nd</type>
        <time-modification>
          <actual-notes>3</actual-notes>
          <normal-notes>2</normal-notes>
          </time-modification>
        <stem>down</stem>
        <notations>
          <tuplet type="stop"/>
          </notations>
        </note>
      <barline location="right">
        <bar-style>light-heavy</bar-style>
        <repeat direction="backward"/>
        </barline>
      </measure>
    <measure number="7" width="1264.17">
      <print new-system="yes">
        <staff-layout number="1">
          <staff-distance>65.00</staff-distance>
          </staff-layout>
        </print>
      <note>
        <rest/>
        <duration>48</duration>
        <voice>1</voice>
        <type>quarter</type>
        </note>
      <note>
        <rest/>
        <duration>48</duration>
        <voice>1</voice>
        <type>quarter</type>
        </note>
      <note>
        <rest/>
        <duration>24</duration>
        <voice>1</voice>
        <type>eighth</type>
        </note>
      <note default-x="521.02" default-y="-285.00">
        <pitch>
          <step>E</step>
          <octave>6</octave>
          </pitch>
        <duration>4</duration>
        <voice>1</voice>
        <type>32nd</type>
        <time-modification>
          <actual-notes>3</actual-notes>
          <normal-notes>2</normal-notes>
          </time-modification>
        <stem>down</stem>
        <notations>
          <tuplet type="start" bracket="yes"/>
          </notations>
        </note>
      <note>
        <rest/>
        <duration>4</duration>
        <voice>1</voice>
        <type>32nd</type>
        <time-modification>
          <actual-notes>3</actual-notes>
          <normal-notes>2</normal-notes>
          </time-modification>
        </note>
      <note default-x="602.74" default-y="-290.00">
        <pitch>
          <step>D</step>
          <octave>6</octave>
          </pitch>
        <duration>4</duration>
        <voice>1</voice>
        <type>32nd</type>
        <accidental>natural</accidental>
        <time-modification>
          <actual-notes>3</actual-notes>
          <normal-notes>2</normal-notes>
          </time-modification>
        <stem>down</stem>
        </note>
      <note>
        <rest/>
        <duration>4</duration>
        <voice>1</voice>
        <type>32nd</type>
        <time-modification>
          <actual-notes>3</actual-notes>
          <normal-notes>2</normal-notes>
          </time-modification>
        </note>
      <note default-x="684.47" default-y="-300.00">
        <pitch>
          <step>B</step>
          <octave>5</octave>
          </pitch>
        <duration>4</duration>
        <voice>1</voice>
        <type>32nd</type>
        <time-modification>
          <actual-notes>3</actual-notes>
          <normal-notes>2</normal-notes>
          </time-modification>
        <stem>down</stem>
        </note>
      <note>
        <rest/>
        <duration>4</duration>
        <voice>1</voice>
        <type>32nd</type>
        <time-modification>
          <actual-notes>3</actual-notes>
          <normal-notes>2</normal-notes>
          </time-modification>
        <notations>
          <tuplet type="stop"/>
          </notations>
        </note>
      <note default-x="766.20" default-y="-295.00">
        <pitch>
          <step>C</step>
          <alter>1</alter>
          <octave>6</octave>
          </pitch>
        <duration>4</duration>
        <voice>1</voice>
        <type>32nd</type>
        <time-modification>
          <actual-notes>3</actual-notes>
          <normal-notes>2</normal-notes>
          </time-modification>
        <stem>down</stem>
        <notations>
          <tuplet type="start" bracket="yes"/>
          </notations>
        </note>
      <note>
        <rest/>
        <duration>4</duration>
        <voice>1</voice>
        <type>32nd</type>
        <time-modification>
          <actual-notes>3</actual-notes>
          <normal-notes>2</normal-notes>
          </time-modification>
        </note>
      <note default-x="847.93" default-y="-300.00">
        <pitch>
          <step>B</step>
          <octave>5</octave>
          </pitch>
        <duration>4</duration>
        <voice>1</voice>
        <type>32nd</type>
        <time-modification>
          <actual-notes>3</actual-notes>
          <normal-notes>2</normal-notes>
          </time-modification>
        <stem>down</stem>
        </note>
      <note>
        <rest/>
        <duration>4</duration>
        <voice>1</voice>
        <type>32nd</type>
        <time-modification>
          <actual-notes>3</actual-notes>
          <normal-notes>2</normal-notes>
          </time-modification>
        </note>
      <note default-x="929.66" default-y="-305.00">
        <pitch>
          <step>A</step>
          <octave>5</octave>
          </pitch>
        <duration>4</duration>
        <voice>1</voice>
        <type>32nd</type>
        <time-modification>
          <actual-notes>3</actual-notes>
          <normal-notes>2</normal-notes>
          </time-modification>
        <stem>down</stem>
        </note>
      <note>
        <rest/>
        <duration>4</duration>
        <voice>1</voice>
        <type>32nd</type>
        <time-modification>
          <actual-notes>3</actual-notes>
          <normal-notes>2</normal-notes>
          </time-modification>
        <notations>
          <tuplet type="stop"/>
          </notations>
        </note>
      <note default-x="1011.38" default-y="-300.00">
        <pitch>
          <step>B</step>
          <octave>5</octave>
          </pitch>
        <duration>4</duration>
        <voice>1</voice>
        <type>32nd</type>
        <time-modification>
          <actual-notes>3</actual-notes>
          <normal-notes>2</normal-notes>
          </time-modification>
        <stem>down</stem>
        <notations>
          <tuplet type="start" bracket="yes"/>
          </notations>
        </note>
      <note>
        <rest/>
        <duration>4</duration>
        <voice>1</voice>
        <type>32nd</type>
        <time-modification>
          <actual-notes>3</actual-notes>
          <normal-notes>2</normal-notes>
          </time-modification>
        </note>
      <note default-x="1093.11" default-y="-305.00">
        <pitch>
          <step>A</step>
          <octave>5</octave>
          </pitch>
        <duration>4</duration>
        <voice>1</voice>
        <type>32nd</type>
        <time-modification>
          <actual-notes>3</actual-notes>
          <normal-notes>2</normal-notes>
          </time-modification>
        <stem>down</stem>
        </note>
      <note>
        <rest/>
        <duration>4</duration>
        <voice>1</voice>
        <type>32nd</type>
        <time-modification>
          <actual-notes>3</actual-notes>
          <normal-notes>2</normal-notes>
          </time-modification>
        </note>
      <note>
        <rest/>
        <duration>4</duration>
        <voice>1</voice>
        <type>32nd</type>
        <time-modification>
          <actual-notes>3</actual-notes>
          <normal-notes>2</normal-notes>
          </time-modification>
        </note>
      <note default-x="1215.70" default-y="-295.00">
        <pitch>
          <step>C</step>
          <alter>1</alter>
          <octave>6</octave>
          </pitch>
        <duration>4</duration>
        <voice>1</voice>
        <type>32nd</type>
        <time-modification>
          <actual-notes>3</actual-notes>
          <normal-notes>2</normal-notes>
          </time-modification>
        <stem>down</stem>
        <notations>
          <tuplet type="stop"/>
          </notations>
        </note>
      <barline location="right">
        <bar-style>light-heavy</bar-style>
        </barline>
      </measure>
    </part>
  </score-partwise>
